regiao,estado,measure,semanaEpi,counts
Centro-Oeste,DF,casosNovos,1,10210
Centro-Oeste,DF,casosNovos,2,32672
Centro-Oeste,DF,casosNovos,3,40410
Centro-Oeste,DF,casosNovos,4,67600
Centro-Oeste,DF,casosNovos,5,71952
Centro-Oeste,DF,casosNovos,6,50346
Centro-Oeste,DF,casosNovos,7,29998
Centro-Oeste,DF,casosNovos,8,18872
Centro-Oeste,DF,casosNovos,9,8512
Centro-Oeste,DF,casosNovos,10,5668
Centro-Oeste,DF,casosNovos,11,3904
Centro-Oeste,DF,casosNovos,12,2940
Centro-Oeste,DF,casosNovos,13,2386
Centro-Oeste,DF,casosNovos,14,1734
Centro-Oeste,DF,casosNovos,15,3518
Centro-Oeste,DF,casosNovos,16,930
Centro-Oeste,DF,casosNovos,17,1700
Centro-Oeste,DF,casosNovos,18,2050
Centro-Oeste,DF,casosNovos,19,2590
Centro-Oeste,DF,casosNovos,20,5086
Centro-Oeste,DF,casosNovos,21,9196
Centro-Oeste,DF,casosNovos,22,24588
Centro-Oeste,DF,casosNovos,23,45340
Centro-Oeste,DF,casosNovos,24,50960
Centro-Oeste,DF,casosNovos,25,50380
Centro-Oeste,DF,casosNovos,26,32246
Centro-Oeste,DF,casosNovos,27,18300
Centro-Oeste,DF,casosNovos,28,14884
Centro-Oeste,DF,casosNovos,29,4716
Centro-Oeste,DF,casosNovos,52,0
Centro-Oeste,DF,obitosNovos,1,22
Centro-Oeste,DF,obitosNovos,2,14
Centro-Oeste,DF,obitosNovos,3,26
Centro-Oeste,DF,obitosNovos,4,50
Centro-Oeste,DF,obitosNovos,5,106
Centro-Oeste,DF,obitosNovos,6,126
Centro-Oeste,DF,obitosNovos,7,126
Centro-Oeste,DF,obitosNovos,8,132
Centro-Oeste,DF,obitosNovos,9,104
Centro-Oeste,DF,obitosNovos,10,94
Centro-Oeste,DF,obitosNovos,11,86
Centro-Oeste,DF,obitosNovos,12,44
Centro-Oeste,DF,obitosNovos,13,30
Centro-Oeste,DF,obitosNovos,14,44
Centro-Oeste,DF,obitosNovos,15,34
Centro-Oeste,DF,obitosNovos,16,22
Centro-Oeste,DF,obitosNovos,17,26
Centro-Oeste,DF,obitosNovos,18,18
Centro-Oeste,DF,obitosNovos,19,20
Centro-Oeste,DF,obitosNovos,20,28
Centro-Oeste,DF,obitosNovos,21,12
Centro-Oeste,DF,obitosNovos,22,4
Centro-Oeste,DF,obitosNovos,23,14
Centro-Oeste,DF,obitosNovos,24,18
Centro-Oeste,DF,obitosNovos,25,76
Centro-Oeste,DF,obitosNovos,26,40
Centro-Oeste,DF,obitosNovos,27,48
Centro-Oeste,DF,obitosNovos,28,26
Centro-Oeste,DF,obitosNovos,29,16
Centro-Oeste,DF,obitosNovos,52,0
Centro-Oeste,GO,casosNovos,1,10924
Centro-Oeste,GO,casosNovos,2,31460
Centro-Oeste,GO,casosNovos,3,59364
Centro-Oeste,GO,casosNovos,4,70996
Centro-Oeste,GO,casosNovos,5,66762
Centro-Oeste,GO,casosNovos,6,73728
Centro-Oeste,GO,casosNovos,7,69236
Centro-Oeste,GO,casosNovos,8,53928
Centro-Oeste,GO,casosNovos,9,34468
Centro-Oeste,GO,casosNovos,10,59294
Centro-Oeste,GO,casosNovos,11,69592
Centro-Oeste,GO,casosNovos,12,43048
Centro-Oeste,GO,casosNovos,13,26436
Centro-Oeste,GO,casosNovos,14,46228
Centro-Oeste,GO,casosNovos,15,19160
Centro-Oeste,GO,casosNovos,16,10546
Centro-Oeste,GO,casosNovos,17,16838
Centro-Oeste,GO,casosNovos,18,16302
Centro-Oeste,GO,casosNovos,19,19238
Centro-Oeste,GO,casosNovos,20,15366
Centro-Oeste,GO,casosNovos,21,25122
Centro-Oeste,GO,casosNovos,22,36514
Centro-Oeste,GO,casosNovos,23,49192
Centro-Oeste,GO,casosNovos,24,51610
Centro-Oeste,GO,casosNovos,25,73228
Centro-Oeste,GO,casosNovos,26,78896
Centro-Oeste,GO,casosNovos,27,70398
Centro-Oeste,GO,casosNovos,28,63456
Centro-Oeste,GO,casosNovos,29,18024
Centro-Oeste,GO,casosNovos,52,406
Centro-Oeste,GO,obitosNovos,1,58
Centro-Oeste,GO,obitosNovos,2,82
Centro-Oeste,GO,obitosNovos,3,186
Centro-Oeste,GO,obitosNovos,4,288
Centro-Oeste,GO,obitosNovos,5,372
Centro-Oeste,GO,obitosNovos,6,298
Centro-Oeste,GO,obitosNovos,7,366
Centro-Oeste,GO,obitosNovos,8,436
Centro-Oeste,GO,obitosNovos,9,188
Centro-Oeste,GO,obitosNovos,10,360
Centro-Oeste,GO,obitosNovos,11,110
Centro-Oeste,GO,obitosNovos,12,282
Centro-Oeste,GO,obitosNovos,13,146
Centro-Oeste,GO,obitosNovos,14,134
Centro-Oeste,GO,obitosNovos,15,100
Centro-Oeste,GO,obitosNovos,16,34
Centro-Oeste,GO,obitosNovos,17,118
Centro-Oeste,GO,obitosNovos,18,102
Centro-Oeste,GO,obitosNovos,19,64
Centro-Oeste,GO,obitosNovos,20,82
Centro-Oeste,GO,obitosNovos,21,98
Centro-Oeste,GO,obitosNovos,22,28
Centro-Oeste,GO,obitosNovos,23,90
Centro-Oeste,GO,obitosNovos,24,98
Centro-Oeste,GO,obitosNovos,25,136
Centro-Oeste,GO,obitosNovos,26,224
Centro-Oeste,GO,obitosNovos,27,148
Centro-Oeste,GO,obitosNovos,28,116
Centro-Oeste,GO,obitosNovos,29,56
Centro-Oeste,GO,obitosNovos,52,34
Centro-Oeste,MS,casosNovos,1,6358
Centro-Oeste,MS,casosNovos,2,15446
Centro-Oeste,MS,casosNovos,3,16836
Centro-Oeste,MS,casosNovos,4,38878
Centro-Oeste,MS,casosNovos,5,42042
Centro-Oeste,MS,casosNovos,6,37684
Centro-Oeste,MS,casosNovos,7,44436
Centro-Oeste,MS,casosNovos,8,34166
Centro-Oeste,MS,casosNovos,9,17100
Centro-Oeste,MS,casosNovos,10,14910
Centro-Oeste,MS,casosNovos,11,10396
Centro-Oeste,MS,casosNovos,12,7494
Centro-Oeste,MS,casosNovos,13,2734
Centro-Oeste,MS,casosNovos,14,2566
Centro-Oeste,MS,casosNovos,15,2102
Centro-Oeste,MS,casosNovos,16,2490
Centro-Oeste,MS,casosNovos,17,1814
Centro-Oeste,MS,casosNovos,18,1510
Centro-Oeste,MS,casosNovos,19,2346
Centro-Oeste,MS,casosNovos,20,1564
Centro-Oeste,MS,casosNovos,21,3954
Centro-Oeste,MS,casosNovos,22,4274
Centro-Oeste,MS,casosNovos,23,10410
Centro-Oeste,MS,casosNovos,24,6154
Centro-Oeste,MS,casosNovos,25,7524
Centro-Oeste,MS,casosNovos,26,6402
Centro-Oeste,MS,casosNovos,27,7094
Centro-Oeste,MS,casosNovos,28,6584
Centro-Oeste,MS,casosNovos,29,5166
Centro-Oeste,MS,casosNovos,52,220
Centro-Oeste,MS,obitosNovos,1,28
Centro-Oeste,MS,obitosNovos,2,24
Centro-Oeste,MS,obitosNovos,3,52
Centro-Oeste,MS,obitosNovos,4,152
Centro-Oeste,MS,obitosNovos,5,226
Centro-Oeste,MS,obitosNovos,6,224
Centro-Oeste,MS,obitosNovos,7,248
Centro-Oeste,MS,obitosNovos,8,196
Centro-Oeste,MS,obitosNovos,9,184
Centro-Oeste,MS,obitosNovos,10,90
Centro-Oeste,MS,obitosNovos,11,52
Centro-Oeste,MS,obitosNovos,12,30
Centro-Oeste,MS,obitosNovos,13,52
Centro-Oeste,MS,obitosNovos,14,12
Centro-Oeste,MS,obitosNovos,15,12
Centro-Oeste,MS,obitosNovos,16,4
Centro-Oeste,MS,obitosNovos,17,14
Centro-Oeste,MS,obitosNovos,18,10
Centro-Oeste,MS,obitosNovos,19,20
Centro-Oeste,MS,obitosNovos,20,14
Centro-Oeste,MS,obitosNovos,21,30
Centro-Oeste,MS,obitosNovos,22,8
Centro-Oeste,MS,obitosNovos,23,12
Centro-Oeste,MS,obitosNovos,24,56
Centro-Oeste,MS,obitosNovos,25,14
Centro-Oeste,MS,obitosNovos,26,32
Centro-Oeste,MS,obitosNovos,27,38
Centro-Oeste,MS,obitosNovos,28,36
Centro-Oeste,MS,obitosNovos,29,36
Centro-Oeste,MS,obitosNovos,52,0
Centro-Oeste,MT,casosNovos,1,10264
Centro-Oeste,MT,casosNovos,2,24628
Centro-Oeste,MT,casosNovos,3,36222
Centro-Oeste,MT,casosNovos,4,54572
Centro-Oeste,MT,casosNovos,5,54968
Centro-Oeste,MT,casosNovos,6,46384
Centro-Oeste,MT,casosNovos,7,36546
Centro-Oeste,MT,casosNovos,8,27832
Centro-Oeste,MT,casosNovos,9,12688
Centro-Oeste,MT,casosNovos,10,10802
Centro-Oeste,MT,casosNovos,11,7142
Centro-Oeste,MT,casosNovos,12,6584
Centro-Oeste,MT,casosNovos,13,6274
Centro-Oeste,MT,casosNovos,14,3542
Centro-Oeste,MT,casosNovos,15,3464
Centro-Oeste,MT,casosNovos,16,2082
Centro-Oeste,MT,casosNovos,17,3658
Centro-Oeste,MT,casosNovos,18,2416
Centro-Oeste,MT,casosNovos,19,2478
Centro-Oeste,MT,casosNovos,20,2216
Centro-Oeste,MT,casosNovos,21,1690
Centro-Oeste,MT,casosNovos,22,3698
Centro-Oeste,MT,casosNovos,23,6218
Centro-Oeste,MT,casosNovos,24,6128
Centro-Oeste,MT,casosNovos,25,19648
Centro-Oeste,MT,casosNovos,26,24142
Centro-Oeste,MT,casosNovos,27,28406
Centro-Oeste,MT,casosNovos,28,28886
Centro-Oeste,MT,casosNovos,29,15788
Centro-Oeste,MT,casosNovos,52,0
Centro-Oeste,MT,obitosNovos,1,54
Centro-Oeste,MT,obitosNovos,2,84
Centro-Oeste,MT,obitosNovos,3,108
Centro-Oeste,MT,obitosNovos,4,158
Centro-Oeste,MT,obitosNovos,5,258
Centro-Oeste,MT,obitosNovos,6,230
Centro-Oeste,MT,obitosNovos,7,214
Centro-Oeste,MT,obitosNovos,8,170
Centro-Oeste,MT,obitosNovos,9,104
Centro-Oeste,MT,obitosNovos,10,74
Centro-Oeste,MT,obitosNovos,11,74
Centro-Oeste,MT,obitosNovos,12,28
Centro-Oeste,MT,obitosNovos,13,32
Centro-Oeste,MT,obitosNovos,14,16
Centro-Oeste,MT,obitosNovos,15,16
Centro-Oeste,MT,obitosNovos,16,4
Centro-Oeste,MT,obitosNovos,17,12
Centro-Oeste,MT,obitosNovos,18,8
Centro-Oeste,MT,obitosNovos,19,6
Centro-Oeste,MT,obitosNovos,20,6
Centro-Oeste,MT,obitosNovos,21,10
Centro-Oeste,MT,obitosNovos,22,18
Centro-Oeste,MT,obitosNovos,23,22
Centro-Oeste,MT,obitosNovos,24,24
Centro-Oeste,MT,obitosNovos,25,56
Centro-Oeste,MT,obitosNovos,26,50
Centro-Oeste,MT,obitosNovos,27,78
Centro-Oeste,MT,obitosNovos,28,82
Centro-Oeste,MT,obitosNovos,29,62
Centro-Oeste,MT,obitosNovos,52,0
Nordeste,AL,casosNovos,1,1322
Nordeste,AL,casosNovos,2,4604
Nordeste,AL,casosNovos,3,8426
Nordeste,AL,casosNovos,4,15738
Nordeste,AL,casosNovos,5,22720
Nordeste,AL,casosNovos,6,24524
Nordeste,AL,casosNovos,7,15470
Nordeste,AL,casosNovos,8,4150
Nordeste,AL,casosNovos,9,5358
Nordeste,AL,casosNovos,10,1868
Nordeste,AL,casosNovos,11,2266
Nordeste,AL,casosNovos,12,1316
Nordeste,AL,casosNovos,13,552
Nordeste,AL,casosNovos,14,1526
Nordeste,AL,casosNovos,15,372
Nordeste,AL,casosNovos,16,856
Nordeste,AL,casosNovos,17,694
Nordeste,AL,casosNovos,18,762
Nordeste,AL,casosNovos,19,440
Nordeste,AL,casosNovos,20,214
Nordeste,AL,casosNovos,21,760
Nordeste,AL,casosNovos,22,902
Nordeste,AL,casosNovos,23,926
Nordeste,AL,casosNovos,24,1824
Nordeste,AL,casosNovos,25,4024
Nordeste,AL,casosNovos,26,6872
Nordeste,AL,casosNovos,27,10260
Nordeste,AL,casosNovos,28,6532
Nordeste,AL,casosNovos,29,2488
Nordeste,AL,casosNovos,52,22
Nordeste,AL,obitosNovos,1,6
Nordeste,AL,obitosNovos,2,10
Nordeste,AL,obitosNovos,3,28
Nordeste,AL,obitosNovos,4,52
Nordeste,AL,obitosNovos,5,70
Nordeste,AL,obitosNovos,6,102
Nordeste,AL,obitosNovos,7,140
Nordeste,AL,obitosNovos,8,158
Nordeste,AL,obitosNovos,9,142
Nordeste,AL,obitosNovos,10,116
Nordeste,AL,obitosNovos,11,92
Nordeste,AL,obitosNovos,12,56
Nordeste,AL,obitosNovos,13,38
Nordeste,AL,obitosNovos,14,30
Nordeste,AL,obitosNovos,15,22
Nordeste,AL,obitosNovos,16,14
Nordeste,AL,obitosNovos,17,10
Nordeste,AL,obitosNovos,18,14
Nordeste,AL,obitosNovos,19,6
Nordeste,AL,obitosNovos,20,0
Nordeste,AL,obitosNovos,21,0
Nordeste,AL,obitosNovos,22,0
Nordeste,AL,obitosNovos,23,0
Nordeste,AL,obitosNovos,24,6
Nordeste,AL,obitosNovos,25,10
Nordeste,AL,obitosNovos,26,28
Nordeste,AL,obitosNovos,27,50
Nordeste,AL,obitosNovos,28,60
Nordeste,AL,obitosNovos,29,42
Nordeste,AL,obitosNovos,52,0
Nordeste,BA,casosNovos,1,11606
Nordeste,BA,casosNovos,2,20504
Nordeste,BA,casosNovos,3,50574
Nordeste,BA,casosNovos,4,86258
Nordeste,BA,casosNovos,5,101036
Nordeste,BA,casosNovos,6,92694
Nordeste,BA,casosNovos,7,64332
Nordeste,BA,casosNovos,8,33138
Nordeste,BA,casosNovos,9,15742
Nordeste,BA,casosNovos,10,18264
Nordeste,BA,casosNovos,11,12640
Nordeste,BA,casosNovos,12,9170
Nordeste,BA,casosNovos,13,9952
Nordeste,BA,casosNovos,14,5558
Nordeste,BA,casosNovos,15,4508
Nordeste,BA,casosNovos,16,4076
Nordeste,BA,casosNovos,17,3650
Nordeste,BA,casosNovos,18,3344
Nordeste,BA,casosNovos,19,2820
Nordeste,BA,casosNovos,20,1524
Nordeste,BA,casosNovos,21,3460
Nordeste,BA,casosNovos,22,2822
Nordeste,BA,casosNovos,23,9196
Nordeste,BA,casosNovos,24,9000
Nordeste,BA,casosNovos,25,14828
Nordeste,BA,casosNovos,26,35820
Nordeste,BA,casosNovos,27,52106
Nordeste,BA,casosNovos,28,45396
Nordeste,BA,casosNovos,29,15360
Nordeste,BA,casosNovos,52,342
Nordeste,BA,obitosNovos,1,164
Nordeste,BA,obitosNovos,2,138
Nordeste,BA,obitosNovos,3,224
Nordeste,BA,obitosNovos,4,274
Nordeste,BA,obitosNovos,5,514
Nordeste,BA,obitosNovos,6,626
Nordeste,BA,obitosNovos,7,810
Nordeste,BA,obitosNovos,8,522
Nordeste,BA,obitosNovos,9,428
Nordeste,BA,obitosNovos,10,254
Nordeste,BA,obitosNovos,11,196
Nordeste,BA,obitosNovos,12,150
Nordeste,BA,obitosNovos,13,132
Nordeste,BA,obitosNovos,14,90
Nordeste,BA,obitosNovos,15,68
Nordeste,BA,obitosNovos,16,64
Nordeste,BA,obitosNovos,17,44
Nordeste,BA,obitosNovos,18,30
Nordeste,BA,obitosNovos,19,40
Nordeste,BA,obitosNovos,20,52
Nordeste,BA,obitosNovos,21,18
Nordeste,BA,obitosNovos,22,32
Nordeste,BA,obitosNovos,23,28
Nordeste,BA,obitosNovos,24,50
Nordeste,BA,obitosNovos,25,60
Nordeste,BA,obitosNovos,26,68
Nordeste,BA,obitosNovos,27,64
Nordeste,BA,obitosNovos,28,202
Nordeste,BA,obitosNovos,29,94
Nordeste,BA,obitosNovos,52,2
Nordeste,CE,casosNovos,1,7928
Nordeste,CE,casosNovos,2,15012
Nordeste,CE,casosNovos,3,43266
Nordeste,CE,casosNovos,4,173844
Nordeste,CE,casosNovos,5,206146
Nordeste,CE,casosNovos,6,44208
Nordeste,CE,casosNovos,7,29264
Nordeste,CE,casosNovos,8,18342
Nordeste,CE,casosNovos,9,9118
Nordeste,CE,casosNovos,10,6574
Nordeste,CE,casosNovos,11,4750
Nordeste,CE,casosNovos,12,6882
Nordeste,CE,casosNovos,13,2264
Nordeste,CE,casosNovos,14,3968
Nordeste,CE,casosNovos,15,1254
Nordeste,CE,casosNovos,16,844
Nordeste,CE,casosNovos,17,882
Nordeste,CE,casosNovos,18,868
Nordeste,CE,casosNovos,19,1214
Nordeste,CE,casosNovos,20,674
Nordeste,CE,casosNovos,21,1124
Nordeste,CE,casosNovos,22,1440
Nordeste,CE,casosNovos,23,5366
Nordeste,CE,casosNovos,24,5532
Nordeste,CE,casosNovos,25,10160
Nordeste,CE,casosNovos,26,24080
Nordeste,CE,casosNovos,27,19974
Nordeste,CE,casosNovos,28,117574
Nordeste,CE,casosNovos,29,12950
Nordeste,CE,casosNovos,52,1420
Nordeste,CE,obitosNovos,1,70
Nordeste,CE,obitosNovos,2,58
Nordeste,CE,obitosNovos,3,220
Nordeste,CE,obitosNovos,4,390
Nordeste,CE,obitosNovos,5,504
Nordeste,CE,obitosNovos,6,732
Nordeste,CE,obitosNovos,7,496
Nordeste,CE,obitosNovos,8,490
Nordeste,CE,obitosNovos,9,252
Nordeste,CE,obitosNovos,10,302
Nordeste,CE,obitosNovos,11,196
Nordeste,CE,obitosNovos,12,76
Nordeste,CE,obitosNovos,13,114
Nordeste,CE,obitosNovos,14,122
Nordeste,CE,obitosNovos,15,42
Nordeste,CE,obitosNovos,16,76
Nordeste,CE,obitosNovos,17,62
Nordeste,CE,obitosNovos,18,76
Nordeste,CE,obitosNovos,19,76
Nordeste,CE,obitosNovos,20,80
Nordeste,CE,obitosNovos,21,86
Nordeste,CE,obitosNovos,22,76
Nordeste,CE,obitosNovos,23,54
Nordeste,CE,obitosNovos,24,16
Nordeste,CE,obitosNovos,25,50
Nordeste,CE,obitosNovos,26,96
Nordeste,CE,obitosNovos,27,176
Nordeste,CE,obitosNovos,28,78
Nordeste,CE,obitosNovos,29,40
Nordeste,CE,obitosNovos,52,0
Nordeste,MA,casosNovos,1,2466
Nordeste,MA,casosNovos,2,4754
Nordeste,MA,casosNovos,3,7614
Nordeste,MA,casosNovos,4,15546
Nordeste,MA,casosNovos,5,14406
Nordeste,MA,casosNovos,6,14856
Nordeste,MA,casosNovos,7,13076
Nordeste,MA,casosNovos,8,11534
Nordeste,MA,casosNovos,9,4458
Nordeste,MA,casosNovos,10,6582
Nordeste,MA,casosNovos,11,6798
Nordeste,MA,casosNovos,12,4794
Nordeste,MA,casosNovos,13,4268
Nordeste,MA,casosNovos,14,3994
Nordeste,MA,casosNovos,15,1644
Nordeste,MA,casosNovos,16,3370
Nordeste,MA,casosNovos,17,3616
Nordeste,MA,casosNovos,18,3530
Nordeste,MA,casosNovos,19,2806
Nordeste,MA,casosNovos,20,2102
Nordeste,MA,casosNovos,21,1800
Nordeste,MA,casosNovos,22,2620
Nordeste,MA,casosNovos,23,2552
Nordeste,MA,casosNovos,24,1400
Nordeste,MA,casosNovos,25,2054
Nordeste,MA,casosNovos,26,2998
Nordeste,MA,casosNovos,27,4588
Nordeste,MA,casosNovos,28,11122
Nordeste,MA,casosNovos,29,6516
Nordeste,MA,casosNovos,52,98
Nordeste,MA,obitosNovos,1,38
Nordeste,MA,obitosNovos,2,34
Nordeste,MA,obitosNovos,3,60
Nordeste,MA,obitosNovos,4,68
Nordeste,MA,obitosNovos,5,98
Nordeste,MA,obitosNovos,6,150
Nordeste,MA,obitosNovos,7,164
Nordeste,MA,obitosNovos,8,180
Nordeste,MA,obitosNovos,9,110
Nordeste,MA,obitosNovos,10,28
Nordeste,MA,obitosNovos,11,30
Nordeste,MA,obitosNovos,12,22
Nordeste,MA,obitosNovos,13,10
Nordeste,MA,obitosNovos,14,8
Nordeste,MA,obitosNovos,15,2
Nordeste,MA,obitosNovos,16,2
Nordeste,MA,obitosNovos,17,8
Nordeste,MA,obitosNovos,18,8
Nordeste,MA,obitosNovos,19,0
Nordeste,MA,obitosNovos,20,0
Nordeste,MA,obitosNovos,21,2
Nordeste,MA,obitosNovos,22,2
Nordeste,MA,obitosNovos,23,2
Nordeste,MA,obitosNovos,24,0
Nordeste,MA,obitosNovos,25,8
Nordeste,MA,obitosNovos,26,4
Nordeste,MA,obitosNovos,27,20
Nordeste,MA,obitosNovos,28,22
Nordeste,MA,obitosNovos,29,8
Nordeste,MA,obitosNovos,52,0
Nordeste,PB,casosNovos,1,1724
Nordeste,PB,casosNovos,2,5610
Nordeste,PB,casosNovos,3,17822
Nordeste,PB,casosNovos,4,34018
Nordeste,PB,casosNovos,5,45744
Nordeste,PB,casosNovos,6,45174
Nordeste,PB,casosNovos,7,39628
Nordeste,PB,casosNovos,8,28678
Nordeste,PB,casosNovos,9,10370
Nordeste,PB,casosNovos,10,15074
Nordeste,PB,casosNovos,11,10840
Nordeste,PB,casosNovos,12,5012
Nordeste,PB,casosNovos,13,6174
Nordeste,PB,casosNovos,14,3850
Nordeste,PB,casosNovos,15,1904
Nordeste,PB,casosNovos,16,2036
Nordeste,PB,casosNovos,17,1554
Nordeste,PB,casosNovos,18,1284
Nordeste,PB,casosNovos,19,1352
Nordeste,PB,casosNovos,20,896
Nordeste,PB,casosNovos,21,2322
Nordeste,PB,casosNovos,22,1344
Nordeste,PB,casosNovos,23,4246
Nordeste,PB,casosNovos,24,4896
Nordeste,PB,casosNovos,25,9804
Nordeste,PB,casosNovos,26,12304
Nordeste,PB,casosNovos,27,15924
Nordeste,PB,casosNovos,28,13792
Nordeste,PB,casosNovos,29,4652
Nordeste,PB,casosNovos,52,352
Nordeste,PB,obitosNovos,1,18
Nordeste,PB,obitosNovos,2,16
Nordeste,PB,obitosNovos,3,36
Nordeste,PB,obitosNovos,4,126
Nordeste,PB,obitosNovos,5,192
Nordeste,PB,obitosNovos,6,284
Nordeste,PB,obitosNovos,7,186
Nordeste,PB,obitosNovos,8,108
Nordeste,PB,obitosNovos,9,90
Nordeste,PB,obitosNovos,10,56
Nordeste,PB,obitosNovos,11,38
Nordeste,PB,obitosNovos,12,30
Nordeste,PB,obitosNovos,13,14
Nordeste,PB,obitosNovos,14,6
Nordeste,PB,obitosNovos,15,0
Nordeste,PB,obitosNovos,16,10
Nordeste,PB,obitosNovos,17,14
Nordeste,PB,obitosNovos,18,10
Nordeste,PB,obitosNovos,19,2
Nordeste,PB,obitosNovos,20,4
Nordeste,PB,obitosNovos,21,6
Nordeste,PB,obitosNovos,22,0
Nordeste,PB,obitosNovos,23,10
Nordeste,PB,obitosNovos,24,2
Nordeste,PB,obitosNovos,25,36
Nordeste,PB,obitosNovos,26,36
Nordeste,PB,obitosNovos,27,42
Nordeste,PB,obitosNovos,28,50
Nordeste,PB,obitosNovos,29,34
Nordeste,PB,obitosNovos,52,2
Nordeste,PE,casosNovos,1,5938
Nordeste,PE,casosNovos,2,11820
Nordeste,PE,casosNovos,3,24892
Nordeste,PE,casosNovos,4,55764
Nordeste,PE,casosNovos,5,66848
Nordeste,PE,casosNovos,6,62060
Nordeste,PE,casosNovos,7,69096
Nordeste,PE,casosNovos,8,68468
Nordeste,PE,casosNovos,9,39620
Nordeste,PE,casosNovos,10,33348
Nordeste,PE,casosNovos,11,29616
Nordeste,PE,casosNovos,12,23324
Nordeste,PE,casosNovos,13,18296
Nordeste,PE,casosNovos,14,14898
Nordeste,PE,casosNovos,15,11810
Nordeste,PE,casosNovos,16,8518
Nordeste,PE,casosNovos,17,10854
Nordeste,PE,casosNovos,18,7484
Nordeste,PE,casosNovos,19,7178
Nordeste,PE,casosNovos,20,3110
Nordeste,PE,casosNovos,21,8048
Nordeste,PE,casosNovos,22,8356
Nordeste,PE,casosNovos,23,11938
Nordeste,PE,casosNovos,24,17358
Nordeste,PE,casosNovos,25,21898
Nordeste,PE,casosNovos,26,32330
Nordeste,PE,casosNovos,27,33478
Nordeste,PE,casosNovos,28,26132
Nordeste,PE,casosNovos,29,9520
Nordeste,PE,casosNovos,52,412
Nordeste,PE,obitosNovos,1,94
Nordeste,PE,obitosNovos,2,86
Nordeste,PE,obitosNovos,3,74
Nordeste,PE,obitosNovos,4,92
Nordeste,PE,obitosNovos,5,190
Nordeste,PE,obitosNovos,6,196
Nordeste,PE,obitosNovos,7,230
Nordeste,PE,obitosNovos,8,246
Nordeste,PE,obitosNovos,9,172
Nordeste,PE,obitosNovos,10,128
Nordeste,PE,obitosNovos,11,130
Nordeste,PE,obitosNovos,12,164
Nordeste,PE,obitosNovos,13,150
Nordeste,PE,obitosNovos,14,98
Nordeste,PE,obitosNovos,15,104
Nordeste,PE,obitosNovos,16,70
Nordeste,PE,obitosNovos,17,68
Nordeste,PE,obitosNovos,18,72
Nordeste,PE,obitosNovos,19,48
Nordeste,PE,obitosNovos,20,52
Nordeste,PE,obitosNovos,21,54
Nordeste,PE,obitosNovos,22,58
Nordeste,PE,obitosNovos,23,58
Nordeste,PE,obitosNovos,24,68
Nordeste,PE,obitosNovos,25,72
Nordeste,PE,obitosNovos,26,70
Nordeste,PE,obitosNovos,27,78
Nordeste,PE,obitosNovos,28,90
Nordeste,PE,obitosNovos,29,48
Nordeste,PE,obitosNovos,52,14
Nordeste,PI,casosNovos,1,19814
Nordeste,PI,casosNovos,2,884
Nordeste,PI,casosNovos,3,-13488
Nordeste,PI,casosNovos,4,7782
Nordeste,PI,casosNovos,5,16136
Nordeste,PI,casosNovos,6,13560
Nordeste,PI,casosNovos,7,10430
Nordeste,PI,casosNovos,8,6002
Nordeste,PI,casosNovos,9,1728
Nordeste,PI,casosNovos,10,1272
Nordeste,PI,casosNovos,11,1322
Nordeste,PI,casosNovos,12,636
Nordeste,PI,casosNovos,13,382
Nordeste,PI,casosNovos,14,370
Nordeste,PI,casosNovos,15,192
Nordeste,PI,casosNovos,16,78
Nordeste,PI,casosNovos,17,16
Nordeste,PI,casosNovos,18,22
Nordeste,PI,casosNovos,19,36
Nordeste,PI,casosNovos,20,20
Nordeste,PI,casosNovos,21,32
Nordeste,PI,casosNovos,22,32
Nordeste,PI,casosNovos,23,290
Nordeste,PI,casosNovos,24,264
Nordeste,PI,casosNovos,25,5532
Nordeste,PI,casosNovos,26,4702
Nordeste,PI,casosNovos,27,6582
Nordeste,PI,casosNovos,28,7216
Nordeste,PI,casosNovos,29,3162
Nordeste,PI,casosNovos,52,64
Nordeste,PI,obitosNovos,1,40
Nordeste,PI,obitosNovos,2,34
Nordeste,PI,obitosNovos,3,62
Nordeste,PI,obitosNovos,4,42
Nordeste,PI,obitosNovos,5,144
Nordeste,PI,obitosNovos,6,180
Nordeste,PI,obitosNovos,7,146
Nordeste,PI,obitosNovos,8,82
Nordeste,PI,obitosNovos,9,78
Nordeste,PI,obitosNovos,10,38
Nordeste,PI,obitosNovos,11,32
Nordeste,PI,obitosNovos,12,12
Nordeste,PI,obitosNovos,13,18
Nordeste,PI,obitosNovos,14,6
Nordeste,PI,obitosNovos,15,6
Nordeste,PI,obitosNovos,16,0
Nordeste,PI,obitosNovos,17,2
Nordeste,PI,obitosNovos,18,0
Nordeste,PI,obitosNovos,19,6
Nordeste,PI,obitosNovos,20,8
Nordeste,PI,obitosNovos,21,6
Nordeste,PI,obitosNovos,22,0
Nordeste,PI,obitosNovos,23,4
Nordeste,PI,obitosNovos,24,2
Nordeste,PI,obitosNovos,25,22
Nordeste,PI,obitosNovos,26,14
Nordeste,PI,obitosNovos,27,44
Nordeste,PI,obitosNovos,28,74
Nordeste,PI,obitosNovos,29,34
Nordeste,PI,obitosNovos,52,0
Nordeste,RN,casosNovos,1,5464
Nordeste,RN,casosNovos,2,7854
Nordeste,RN,casosNovos,3,18620
Nordeste,RN,casosNovos,4,40368
Nordeste,RN,casosNovos,5,33770
Nordeste,RN,casosNovos,6,31918
Nordeste,RN,casosNovos,7,24698
Nordeste,RN,casosNovos,8,16944
Nordeste,RN,casosNovos,9,6162
Nordeste,RN,casosNovos,10,9020
Nordeste,RN,casosNovos,11,15446
Nordeste,RN,casosNovos,12,6258
Nordeste,RN,casosNovos,13,4112
Nordeste,RN,casosNovos,14,5418
Nordeste,RN,casosNovos,15,2956
Nordeste,RN,casosNovos,16,1524
Nordeste,RN,casosNovos,17,1588
Nordeste,RN,casosNovos,18,700
Nordeste,RN,casosNovos,19,1016
Nordeste,RN,casosNovos,20,564
Nordeste,RN,casosNovos,21,1744
Nordeste,RN,casosNovos,22,4144
Nordeste,RN,casosNovos,23,6452
Nordeste,RN,casosNovos,24,8752
Nordeste,RN,casosNovos,25,13200
Nordeste,RN,casosNovos,26,13538
Nordeste,RN,casosNovos,27,13568
Nordeste,RN,casosNovos,28,10978
Nordeste,RN,casosNovos,29,3806
Nordeste,RN,casosNovos,52,300
Nordeste,RN,obitosNovos,1,24
Nordeste,RN,obitosNovos,2,30
Nordeste,RN,obitosNovos,3,72
Nordeste,RN,obitosNovos,4,122
Nordeste,RN,obitosNovos,5,188
Nordeste,RN,obitosNovos,6,198
Nordeste,RN,obitosNovos,7,198
Nordeste,RN,obitosNovos,8,118
Nordeste,RN,obitosNovos,9,32
Nordeste,RN,obitosNovos,10,62
Nordeste,RN,obitosNovos,11,36
Nordeste,RN,obitosNovos,12,12
Nordeste,RN,obitosNovos,13,8
Nordeste,RN,obitosNovos,14,62
Nordeste,RN,obitosNovos,15,12
Nordeste,RN,obitosNovos,16,20
Nordeste,RN,obitosNovos,17,12
Nordeste,RN,obitosNovos,18,42
Nordeste,RN,obitosNovos,19,0
Nordeste,RN,obitosNovos,20,2
Nordeste,RN,obitosNovos,21,10
Nordeste,RN,obitosNovos,22,18
Nordeste,RN,obitosNovos,23,12
Nordeste,RN,obitosNovos,24,12
Nordeste,RN,obitosNovos,25,36
Nordeste,RN,obitosNovos,26,62
Nordeste,RN,obitosNovos,27,24
Nordeste,RN,obitosNovos,28,44
Nordeste,RN,obitosNovos,29,40
Nordeste,RN,obitosNovos,52,0
Nordeste,SE,casosNovos,1,552
Nordeste,SE,casosNovos,2,2166
Nordeste,SE,casosNovos,3,6150
Nordeste,SE,casosNovos,4,14652
Nordeste,SE,casosNovos,5,25412
Nordeste,SE,casosNovos,6,20624
Nordeste,SE,casosNovos,7,9248
Nordeste,SE,casosNovos,8,4666
Nordeste,SE,casosNovos,9,1776
Nordeste,SE,casosNovos,10,2444
Nordeste,SE,casosNovos,11,2744
Nordeste,SE,casosNovos,12,2658
Nordeste,SE,casosNovos,13,2216
Nordeste,SE,casosNovos,14,1042
Nordeste,SE,casosNovos,15,362
Nordeste,SE,casosNovos,16,222
Nordeste,SE,casosNovos,17,142
Nordeste,SE,casosNovos,18,136
Nordeste,SE,casosNovos,19,220
Nordeste,SE,casosNovos,20,218
Nordeste,SE,casosNovos,21,152
Nordeste,SE,casosNovos,22,178
Nordeste,SE,casosNovos,23,370
Nordeste,SE,casosNovos,24,744
Nordeste,SE,casosNovos,25,2108
Nordeste,SE,casosNovos,26,3522
Nordeste,SE,casosNovos,27,6226
Nordeste,SE,casosNovos,28,6376
Nordeste,SE,casosNovos,29,3260
Nordeste,SE,casosNovos,52,16
Nordeste,SE,obitosNovos,1,8
Nordeste,SE,obitosNovos,2,8
Nordeste,SE,obitosNovos,3,14
Nordeste,SE,obitosNovos,4,34
Nordeste,SE,obitosNovos,5,74
Nordeste,SE,obitosNovos,6,80
Nordeste,SE,obitosNovos,7,88
Nordeste,SE,obitosNovos,8,68
Nordeste,SE,obitosNovos,9,44
Nordeste,SE,obitosNovos,10,36
Nordeste,SE,obitosNovos,11,26
Nordeste,SE,obitosNovos,12,20
Nordeste,SE,obitosNovos,13,28
Nordeste,SE,obitosNovos,14,24
Nordeste,SE,obitosNovos,15,12
Nordeste,SE,obitosNovos,16,6
Nordeste,SE,obitosNovos,17,2
Nordeste,SE,obitosNovos,18,2
Nordeste,SE,obitosNovos,19,2
Nordeste,SE,obitosNovos,20,2
Nordeste,SE,obitosNovos,21,4
Nordeste,SE,obitosNovos,22,0
Nordeste,SE,obitosNovos,23,4
Nordeste,SE,obitosNovos,24,6
Nordeste,SE,obitosNovos,25,4
Nordeste,SE,obitosNovos,26,10
Nordeste,SE,obitosNovos,27,16
Nordeste,SE,obitosNovos,28,32
Nordeste,SE,obitosNovos,29,22
Nordeste,SE,obitosNovos,52,0
Norte,AC,casosNovos,1,34
Norte,AC,casosNovos,2,2464
Norte,AC,casosNovos,3,7796
Norte,AC,casosNovos,4,8592
Norte,AC,casosNovos,5,16090
Norte,AC,casosNovos,6,9112
Norte,AC,casosNovos,7,11584
Norte,AC,casosNovos,8,8694
Norte,AC,casosNovos,9,3898
Norte,AC,casosNovos,10,1704
Norte,AC,casosNovos,11,594
Norte,AC,casosNovos,12,220
Norte,AC,casosNovos,13,72
Norte,AC,casosNovos,14,24
Norte,AC,casosNovos,15,1058
Norte,AC,casosNovos,16,558
Norte,AC,casosNovos,17,576
Norte,AC,casosNovos,18,96
Norte,AC,casosNovos,19,2
Norte,AC,casosNovos,20,8
Norte,AC,casosNovos,21,2
Norte,AC,casosNovos,22,272
Norte,AC,casosNovos,23,130
Norte,AC,casosNovos,24,152
Norte,AC,casosNovos,25,498
Norte,AC,casosNovos,26,2806
Norte,AC,casosNovos,27,6000
Norte,AC,casosNovos,28,9924
Norte,AC,casosNovos,29,5248
Norte,AC,casosNovos,52,4
Norte,AC,obitosNovos,1,2
Norte,AC,obitosNovos,2,4
Norte,AC,obitosNovos,3,2
Norte,AC,obitosNovos,4,22
Norte,AC,obitosNovos,5,56
Norte,AC,obitosNovos,6,46
Norte,AC,obitosNovos,7,72
Norte,AC,obitosNovos,8,32
Norte,AC,obitosNovos,9,22
Norte,AC,obitosNovos,10,16
Norte,AC,obitosNovos,11,4
Norte,AC,obitosNovos,12,4
Norte,AC,obitosNovos,13,2
Norte,AC,obitosNovos,14,4
Norte,AC,obitosNovos,15,2
Norte,AC,obitosNovos,16,4
Norte,AC,obitosNovos,17,8
Norte,AC,obitosNovos,18,0
Norte,AC,obitosNovos,19,0
Norte,AC,obitosNovos,20,0
Norte,AC,obitosNovos,21,0
Norte,AC,obitosNovos,22,0
Norte,AC,obitosNovos,23,0
Norte,AC,obitosNovos,24,0
Norte,AC,obitosNovos,25,0
Norte,AC,obitosNovos,26,4
Norte,AC,obitosNovos,27,4
Norte,AC,obitosNovos,28,6
Norte,AC,obitosNovos,29,2
Norte,AC,obitosNovos,52,0
Norte,AM,casosNovos,1,3068
Norte,AM,casosNovos,2,22592
Norte,AM,casosNovos,3,84164
Norte,AM,casosNovos,4,75116
Norte,AM,casosNovos,5,42402
Norte,AM,casosNovos,6,28960
Norte,AM,casosNovos,7,13250
Norte,AM,casosNovos,8,8750
Norte,AM,casosNovos,9,3300
Norte,AM,casosNovos,10,6890
Norte,AM,casosNovos,11,4296
Norte,AM,casosNovos,12,1596
Norte,AM,casosNovos,13,634
Norte,AM,casosNovos,14,564
Norte,AM,casosNovos,15,344
Norte,AM,casosNovos,16,290
Norte,AM,casosNovos,17,482
Norte,AM,casosNovos,18,310
Norte,AM,casosNovos,19,298
Norte,AM,casosNovos,20,298
Norte,AM,casosNovos,21,234
Norte,AM,casosNovos,22,174
Norte,AM,casosNovos,23,316
Norte,AM,casosNovos,24,454
Norte,AM,casosNovos,25,1498
Norte,AM,casosNovos,26,4122
Norte,AM,casosNovos,27,8542
Norte,AM,casosNovos,28,11454
Norte,AM,casosNovos,29,5836
Norte,AM,casosNovos,52,74
Norte,AM,obitosNovos,1,16
Norte,AM,obitosNovos,2,24
Norte,AM,obitosNovos,3,50
Norte,AM,obitosNovos,4,94
Norte,AM,obitosNovos,5,156
Norte,AM,obitosNovos,6,114
Norte,AM,obitosNovos,7,48
Norte,AM,obitosNovos,8,56
Norte,AM,obitosNovos,9,28
Norte,AM,obitosNovos,10,24
Norte,AM,obitosNovos,11,12
Norte,AM,obitosNovos,12,8
Norte,AM,obitosNovos,13,12
Norte,AM,obitosNovos,14,6
Norte,AM,obitosNovos,15,12
Norte,AM,obitosNovos,16,6
Norte,AM,obitosNovos,17,6
Norte,AM,obitosNovos,18,0
Norte,AM,obitosNovos,19,0
Norte,AM,obitosNovos,20,0
Norte,AM,obitosNovos,21,4
Norte,AM,obitosNovos,22,2
Norte,AM,obitosNovos,23,0
Norte,AM,obitosNovos,24,4
Norte,AM,obitosNovos,25,0
Norte,AM,obitosNovos,26,2
Norte,AM,obitosNovos,27,10
Norte,AM,obitosNovos,28,24
Norte,AM,obitosNovos,29,14
Norte,AM,obitosNovos,52,2
Norte,AP,casosNovos,1,934
Norte,AP,casosNovos,2,2638
Norte,AP,casosNovos,3,13184
Norte,AP,casosNovos,4,30084
Norte,AP,casosNovos,5,11656
Norte,AP,casosNovos,6,5640
Norte,AP,casosNovos,7,1586
Norte,AP,casosNovos,8,408
Norte,AP,casosNovos,9,114
Norte,AP,casosNovos,10,140
Norte,AP,casosNovos,11,106
Norte,AP,casosNovos,12,126
Norte,AP,casosNovos,13,52
Norte,AP,casosNovos,14,26
Norte,AP,casosNovos,15,18
Norte,AP,casosNovos,16,22
Norte,AP,casosNovos,17,24
Norte,AP,casosNovos,18,16
Norte,AP,casosNovos,19,4
Norte,AP,casosNovos,20,28
Norte,AP,casosNovos,21,10
Norte,AP,casosNovos,22,54
Norte,AP,casosNovos,23,52
Norte,AP,casosNovos,24,90
Norte,AP,casosNovos,25,510
Norte,AP,casosNovos,26,1674
Norte,AP,casosNovos,27,5622
Norte,AP,casosNovos,28,11514
Norte,AP,casosNovos,29,5174
Norte,AP,casosNovos,52,64
Norte,AP,obitosNovos,1,4
Norte,AP,obitosNovos,2,12
Norte,AP,obitosNovos,3,12
Norte,AP,obitosNovos,4,26
Norte,AP,obitosNovos,5,16
Norte,AP,obitosNovos,6,42
Norte,AP,obitosNovos,7,38
Norte,AP,obitosNovos,8,10
Norte,AP,obitosNovos,9,22
Norte,AP,obitosNovos,10,10
Norte,AP,obitosNovos,11,4
Norte,AP,obitosNovos,12,4
Norte,AP,obitosNovos,13,8
Norte,AP,obitosNovos,14,4
Norte,AP,obitosNovos,15,0
Norte,AP,obitosNovos,16,4
Norte,AP,obitosNovos,17,0
Norte,AP,obitosNovos,18,4
Norte,AP,obitosNovos,19,0
Norte,AP,obitosNovos,20,0
Norte,AP,obitosNovos,21,4
Norte,AP,obitosNovos,22,0
Norte,AP,obitosNovos,23,6
Norte,AP,obitosNovos,24,6
Norte,AP,obitosNovos,25,0
Norte,AP,obitosNovos,26,0
Norte,AP,obitosNovos,27,2
Norte,AP,obitosNovos,28,16
Norte,AP,obitosNovos,29,0
Norte,AP,obitosNovos,52,0
Norte,PA,casosNovos,1,6590
Norte,PA,casosNovos,2,8352
Norte,PA,casosNovos,3,9538
Norte,PA,casosNovos,4,18642
Norte,PA,casosNovos,5,29042
Norte,PA,casosNovos,6,39886
Norte,PA,casosNovos,7,37378
Norte,PA,casosNovos,8,32538
Norte,PA,casosNovos,9,15440
Norte,PA,casosNovos,10,20440
Norte,PA,casosNovos,11,17426
Norte,PA,casosNovos,12,14928
Norte,PA,casosNovos,13,10408
Norte,PA,casosNovos,14,5830
Norte,PA,casosNovos,15,3908
Norte,PA,casosNovos,16,4384
Norte,PA,casosNovos,17,5446
Norte,PA,casosNovos,18,6348
Norte,PA,casosNovos,19,4112
Norte,PA,casosNovos,20,4282
Norte,PA,casosNovos,21,3000
Norte,PA,casosNovos,22,2140
Norte,PA,casosNovos,23,3156
Norte,PA,casosNovos,24,2906
Norte,PA,casosNovos,25,3672
Norte,PA,casosNovos,26,6600
Norte,PA,casosNovos,27,7674
Norte,PA,casosNovos,28,13700
Norte,PA,casosNovos,29,6600
Norte,PA,casosNovos,52,110
Norte,PA,obitosNovos,1,140
Norte,PA,obitosNovos,2,144
Norte,PA,obitosNovos,3,94
Norte,PA,obitosNovos,4,110
Norte,PA,obitosNovos,5,158
Norte,PA,obitosNovos,6,240
Norte,PA,obitosNovos,7,248
Norte,PA,obitosNovos,8,248
Norte,PA,obitosNovos,9,218
Norte,PA,obitosNovos,10,156
Norte,PA,obitosNovos,11,116
Norte,PA,obitosNovos,12,96
Norte,PA,obitosNovos,13,74
Norte,PA,obitosNovos,14,82
Norte,PA,obitosNovos,15,70
Norte,PA,obitosNovos,16,78
Norte,PA,obitosNovos,17,80
Norte,PA,obitosNovos,18,64
Norte,PA,obitosNovos,19,30
Norte,PA,obitosNovos,20,54
Norte,PA,obitosNovos,21,56
Norte,PA,obitosNovos,22,34
Norte,PA,obitosNovos,23,54
Norte,PA,obitosNovos,24,40
Norte,PA,obitosNovos,25,36
Norte,PA,obitosNovos,26,34
Norte,PA,obitosNovos,27,20
Norte,PA,obitosNovos,28,26
Norte,PA,obitosNovos,29,18
Norte,PA,obitosNovos,52,4
Norte,RO,casosNovos,1,3240
Norte,RO,casosNovos,2,7540
Norte,RO,casosNovos,3,20140
Norte,RO,casosNovos,4,27814
Norte,RO,casosNovos,5,35042
Norte,RO,casosNovos,6,31452
Norte,RO,casosNovos,7,24240
Norte,RO,casosNovos,8,25744
Norte,RO,casosNovos,9,13222
Norte,RO,casosNovos,10,9296
Norte,RO,casosNovos,11,7284
Norte,RO,casosNovos,12,9240
Norte,RO,casosNovos,13,6358
Norte,RO,casosNovos,14,3194
Norte,RO,casosNovos,15,3092
Norte,RO,casosNovos,16,5074
Norte,RO,casosNovos,17,1956
Norte,RO,casosNovos,18,1408
Norte,RO,casosNovos,19,1714
Norte,RO,casosNovos,20,454
Norte,RO,casosNovos,21,940
Norte,RO,casosNovos,22,1734
Norte,RO,casosNovos,23,3380
Norte,RO,casosNovos,24,3626
Norte,RO,casosNovos,25,8302
Norte,RO,casosNovos,26,12414
Norte,RO,casosNovos,27,17236
Norte,RO,casosNovos,28,12496
Norte,RO,casosNovos,29,8148
Norte,RO,casosNovos,52,68
Norte,RO,obitosNovos,1,54
Norte,RO,obitosNovos,2,50
Norte,RO,obitosNovos,3,34
Norte,RO,obitosNovos,4,42
Norte,RO,obitosNovos,5,72
Norte,RO,obitosNovos,6,72
Norte,RO,obitosNovos,7,202
Norte,RO,obitosNovos,8,114
Norte,RO,obitosNovos,9,68
Norte,RO,obitosNovos,10,52
Norte,RO,obitosNovos,11,46
Norte,RO,obitosNovos,12,64
Norte,RO,obitosNovos,13,18
Norte,RO,obitosNovos,14,20
Norte,RO,obitosNovos,15,4
Norte,RO,obitosNovos,16,12
Norte,RO,obitosNovos,17,8
Norte,RO,obitosNovos,18,6
Norte,RO,obitosNovos,19,14
Norte,RO,obitosNovos,20,-2
Norte,RO,obitosNovos,21,4
Norte,RO,obitosNovos,22,8
Norte,RO,obitosNovos,23,10
Norte,RO,obitosNovos,24,4
Norte,RO,obitosNovos,25,20
Norte,RO,obitosNovos,26,28
Norte,RO,obitosNovos,27,18
Norte,RO,obitosNovos,28,30
Norte,RO,obitosNovos,29,14
Norte,RO,obitosNovos,52,6
Norte,RR,casosNovos,1,1594
Norte,RR,casosNovos,2,5286
Norte,RR,casosNovos,3,7754
Norte,RR,casosNovos,4,10450
Norte,RR,casosNovos,5,7952
Norte,RR,casosNovos,6,5192
Norte,RR,casosNovos,7,6508
Norte,RR,casosNovos,8,3508
Norte,RR,casosNovos,9,1556
Norte,RR,casosNovos,10,1152
Norte,RR,casosNovos,11,478
Norte,RR,casosNovos,12,496
Norte,RR,casosNovos,13,282
Norte,RR,casosNovos,14,132
Norte,RR,casosNovos,15,220
Norte,RR,casosNovos,16,50
Norte,RR,casosNovos,17,120
Norte,RR,casosNovos,18,148
Norte,RR,casosNovos,19,150
Norte,RR,casosNovos,20,100
Norte,RR,casosNovos,21,190
Norte,RR,casosNovos,22,192
Norte,RR,casosNovos,23,320
Norte,RR,casosNovos,24,406
Norte,RR,casosNovos,25,2522
Norte,RR,casosNovos,26,7024
Norte,RR,casosNovos,27,9524
Norte,RR,casosNovos,28,6598
Norte,RR,casosNovos,29,2738
Norte,RR,casosNovos,52,0
Norte,RR,obitosNovos,1,0
Norte,RR,obitosNovos,2,0
Norte,RR,obitosNovos,3,16
Norte,RR,obitosNovos,4,20
Norte,RR,obitosNovos,5,18
Norte,RR,obitosNovos,6,14
Norte,RR,obitosNovos,7,24
Norte,RR,obitosNovos,8,14
Norte,RR,obitosNovos,9,6
Norte,RR,obitosNovos,10,10
Norte,RR,obitosNovos,11,10
Norte,RR,obitosNovos,12,0
Norte,RR,obitosNovos,13,2
Norte,RR,obitosNovos,14,2
Norte,RR,obitosNovos,15,2
Norte,RR,obitosNovos,16,0
Norte,RR,obitosNovos,17,2
Norte,RR,obitosNovos,18,6
Norte,RR,obitosNovos,19,0
Norte,RR,obitosNovos,20,2
Norte,RR,obitosNovos,21,0
Norte,RR,obitosNovos,22,0
Norte,RR,obitosNovos,23,0
Norte,RR,obitosNovos,24,0
Norte,RR,obitosNovos,25,0
Norte,RR,obitosNovos,26,2
Norte,RR,obitosNovos,27,0
Norte,RR,obitosNovos,28,2
Norte,RR,obitosNovos,29,8
Norte,RR,obitosNovos,52,0
Norte,TO,casosNovos,1,6376
Norte,TO,casosNovos,2,8822
Norte,TO,casosNovos,3,21974
Norte,TO,casosNovos,4,26786
Norte,TO,casosNovos,5,25690
Norte,TO,casosNovos,6,17596
Norte,TO,casosNovos,7,11332
Norte,TO,casosNovos,8,7086
Norte,TO,casosNovos,9,2004
Norte,TO,casosNovos,10,3104
Norte,TO,casosNovos,11,1408
Norte,TO,casosNovos,12,1710
Norte,TO,casosNovos,13,1174
Norte,TO,casosNovos,14,1052
Norte,TO,casosNovos,15,320
Norte,TO,casosNovos,16,862
Norte,TO,casosNovos,17,470
Norte,TO,casosNovos,18,480
Norte,TO,casosNovos,19,876
Norte,TO,casosNovos,20,736
Norte,TO,casosNovos,21,1264
Norte,TO,casosNovos,22,1804
Norte,TO,casosNovos,23,408
Norte,TO,casosNovos,24,3944
Norte,TO,casosNovos,25,5048
Norte,TO,casosNovos,26,20306
Norte,TO,casosNovos,27,12422
Norte,TO,casosNovos,28,9914
Norte,TO,casosNovos,29,4148
Norte,TO,casosNovos,52,0
Norte,TO,obitosNovos,1,24
Norte,TO,obitosNovos,2,32
Norte,TO,obitosNovos,3,32
Norte,TO,obitosNovos,4,28
Norte,TO,obitosNovos,5,42
Norte,TO,obitosNovos,6,56
Norte,TO,obitosNovos,7,80
Norte,TO,obitosNovos,8,40
Norte,TO,obitosNovos,9,12
Norte,TO,obitosNovos,10,38
Norte,TO,obitosNovos,11,18
Norte,TO,obitosNovos,12,4
Norte,TO,obitosNovos,13,8
Norte,TO,obitosNovos,14,2
Norte,TO,obitosNovos,15,2
Norte,TO,obitosNovos,16,2
Norte,TO,obitosNovos,17,8
Norte,TO,obitosNovos,18,0
Norte,TO,obitosNovos,19,6
Norte,TO,obitosNovos,20,0
Norte,TO,obitosNovos,21,2
Norte,TO,obitosNovos,22,0
Norte,TO,obitosNovos,23,0
Norte,TO,obitosNovos,24,0
Norte,TO,obitosNovos,25,2
Norte,TO,obitosNovos,26,20
Norte,TO,obitosNovos,27,2
Norte,TO,obitosNovos,28,6
Norte,TO,obitosNovos,29,16
Norte,TO,obitosNovos,52,0
Sudeste,ES,casosNovos,1,9390
Sudeste,ES,casosNovos,2,53466
Sudeste,ES,casosNovos,3,120972
Sudeste,ES,casosNovos,4,207142
Sudeste,ES,casosNovos,5,186268
Sudeste,ES,casosNovos,6,117760
Sudeste,ES,casosNovos,7,56550
Sudeste,ES,casosNovos,8,30642
Sudeste,ES,casosNovos,9,12350
Sudeste,ES,casosNovos,10,9176
Sudeste,ES,casosNovos,11,5180
Sudeste,ES,casosNovos,12,5328
Sudeste,ES,casosNovos,13,5406
Sudeste,ES,casosNovos,14,3824
Sudeste,ES,casosNovos,15,5974
Sudeste,ES,casosNovos,16,2256
Sudeste,ES,casosNovos,17,1824
Sudeste,ES,casosNovos,18,1398
Sudeste,ES,casosNovos,19,2114
Sudeste,ES,casosNovos,20,3726
Sudeste,ES,casosNovos,21,4450
Sudeste,ES,casosNovos,22,7884
Sudeste,ES,casosNovos,23,16232
Sudeste,ES,casosNovos,24,24248
Sudeste,ES,casosNovos,25,45596
Sudeste,ES,casosNovos,26,57746
Sudeste,ES,casosNovos,27,55014
Sudeste,ES,casosNovos,28,45894
Sudeste,ES,casosNovos,29,18942
Sudeste,ES,casosNovos,52,108
Sudeste,ES,obitosNovos,1,40
Sudeste,ES,obitosNovos,2,42
Sudeste,ES,obitosNovos,3,84
Sudeste,ES,obitosNovos,4,142
Sudeste,ES,obitosNovos,5,334
Sudeste,ES,obitosNovos,6,360
Sudeste,ES,obitosNovos,7,334
Sudeste,ES,obitosNovos,8,232
Sudeste,ES,obitosNovos,9,134
Sudeste,ES,obitosNovos,10,108
Sudeste,ES,obitosNovos,11,122
Sudeste,ES,obitosNovos,12,52
Sudeste,ES,obitosNovos,13,30
Sudeste,ES,obitosNovos,14,40
Sudeste,ES,obitosNovos,15,42
Sudeste,ES,obitosNovos,16,26
Sudeste,ES,obitosNovos,17,2
Sudeste,ES,obitosNovos,18,8
Sudeste,ES,obitosNovos,19,2
Sudeste,ES,obitosNovos,20,8
Sudeste,ES,obitosNovos,21,14
Sudeste,ES,obitosNovos,22,20
Sudeste,ES,obitosNovos,23,26
Sudeste,ES,obitosNovos,24,26
Sudeste,ES,obitosNovos,25,44
Sudeste,ES,obitosNovos,26,78
Sudeste,ES,obitosNovos,27,112
Sudeste,ES,obitosNovos,28,74
Sudeste,ES,obitosNovos,29,54
Sudeste,ES,obitosNovos,52,4
Sudeste,MG,casosNovos,1,66340
Sudeste,MG,casosNovos,2,183316
Sudeste,MG,casosNovos,3,280790
Sudeste,MG,casosNovos,4,380716
Sudeste,MG,casosNovos,5,364078
Sudeste,MG,casosNovos,6,285530
Sudeste,MG,casosNovos,7,192146
Sudeste,MG,casosNovos,8,185928
Sudeste,MG,casosNovos,9,71850
Sudeste,MG,casosNovos,10,69640
Sudeste,MG,casosNovos,11,61998
Sudeste,MG,casosNovos,12,42680
Sudeste,MG,casosNovos,13,24784
Sudeste,MG,casosNovos,14,30978
Sudeste,MG,casosNovos,15,9200
Sudeste,MG,casosNovos,16,6284
Sudeste,MG,casosNovos,17,9286
Sudeste,MG,casosNovos,18,8162
Sudeste,MG,casosNovos,19,19024
Sudeste,MG,casosNovos,20,25912
Sudeste,MG,casosNovos,21,38552
Sudeste,MG,casosNovos,22,64702
Sudeste,MG,casosNovos,23,86148
Sudeste,MG,casosNovos,24,58226
Sudeste,MG,casosNovos,25,129262
Sudeste,MG,casosNovos,26,122290
Sudeste,MG,casosNovos,27,115900
Sudeste,MG,casosNovos,28,103558
Sudeste,MG,casosNovos,29,58230
Sudeste,MG,casosNovos,52,1136
Sudeste,MG,obitosNovos,1,138
Sudeste,MG,obitosNovos,2,164
Sudeste,MG,obitosNovos,3,262
Sudeste,MG,obitosNovos,4,546
Sudeste,MG,obitosNovos,5,1080
Sudeste,MG,obitosNovos,6,1314
Sudeste,MG,obitosNovos,7,1168
Sudeste,MG,obitosNovos,8,1188
Sudeste,MG,obitosNovos,9,572
Sudeste,MG,obitosNovos,10,888
Sudeste,MG,obitosNovos,11,438
Sudeste,MG,obitosNovos,12,406
Sudeste,MG,obitosNovos,13,276
Sudeste,MG,obitosNovos,14,310
Sudeste,MG,obitosNovos,15,158
Sudeste,MG,obitosNovos,16,206
Sudeste,MG,obitosNovos,17,160
Sudeste,MG,obitosNovos,18,162
Sudeste,MG,obitosNovos,19,66
Sudeste,MG,obitosNovos,20,96
Sudeste,MG,obitosNovos,21,172
Sudeste,MG,obitosNovos,22,70
Sudeste,MG,obitosNovos,23,280
Sudeste,MG,obitosNovos,24,248
Sudeste,MG,obitosNovos,25,344
Sudeste,MG,obitosNovos,26,310
Sudeste,MG,obitosNovos,27,354
Sudeste,MG,obitosNovos,28,388
Sudeste,MG,obitosNovos,29,222
Sudeste,MG,obitosNovos,52,0
Sudeste,RJ,casosNovos,1,59264
Sudeste,RJ,casosNovos,2,112454
Sudeste,RJ,casosNovos,3,326710
Sudeste,RJ,casosNovos,4,291642
Sudeste,RJ,casosNovos,5,210214
Sudeste,RJ,casosNovos,6,123902
Sudeste,RJ,casosNovos,7,90184
Sudeste,RJ,casosNovos,8,67546
Sudeste,RJ,casosNovos,9,34810
Sudeste,RJ,casosNovos,10,50136
Sudeste,RJ,casosNovos,11,44576
Sudeste,RJ,casosNovos,12,40154
Sudeste,RJ,casosNovos,13,27928
Sudeste,RJ,casosNovos,14,31610
Sudeste,RJ,casosNovos,15,17706
Sudeste,RJ,casosNovos,16,29186
Sudeste,RJ,casosNovos,17,17258
Sudeste,RJ,casosNovos,18,19590
Sudeste,RJ,casosNovos,19,24134
Sudeste,RJ,casosNovos,20,12490
Sudeste,RJ,casosNovos,21,31278
Sudeste,RJ,casosNovos,22,47948
Sudeste,RJ,casosNovos,23,69850
Sudeste,RJ,casosNovos,24,62744
Sudeste,RJ,casosNovos,25,83348
Sudeste,RJ,casosNovos,26,78376
Sudeste,RJ,casosNovos,27,62208
Sudeste,RJ,casosNovos,28,50730
Sudeste,RJ,casosNovos,29,24612
Sudeste,RJ,casosNovos,52,56
Sudeste,RJ,obitosNovos,1,116
Sudeste,RJ,obitosNovos,2,98
Sudeste,RJ,obitosNovos,3,190
Sudeste,RJ,obitosNovos,4,350
Sudeste,RJ,obitosNovos,5,714
Sudeste,RJ,obitosNovos,6,1134
Sudeste,RJ,obitosNovos,7,1010
Sudeste,RJ,obitosNovos,8,890
Sudeste,RJ,obitosNovos,9,448
Sudeste,RJ,obitosNovos,10,466
Sudeste,RJ,obitosNovos,11,568
Sudeste,RJ,obitosNovos,12,372
Sudeste,RJ,obitosNovos,13,416
Sudeste,RJ,obitosNovos,14,362
Sudeste,RJ,obitosNovos,15,178
Sudeste,RJ,obitosNovos,16,158
Sudeste,RJ,obitosNovos,17,460
Sudeste,RJ,obitosNovos,18,212
Sudeste,RJ,obitosNovos,19,178
Sudeste,RJ,obitosNovos,20,188
Sudeste,RJ,obitosNovos,21,142
Sudeste,RJ,obitosNovos,22,66
Sudeste,RJ,obitosNovos,23,80
Sudeste,RJ,obitosNovos,24,174
Sudeste,RJ,obitosNovos,25,192
Sudeste,RJ,obitosNovos,26,208
Sudeste,RJ,obitosNovos,27,262
Sudeste,RJ,obitosNovos,28,346
Sudeste,RJ,obitosNovos,29,186
Sudeste,RJ,obitosNovos,52,10
Sudeste,SP,casosNovos,1,29288
Sudeste,SP,casosNovos,2,54064
Sudeste,SP,casosNovos,3,94160
Sudeste,SP,casosNovos,4,186270
Sudeste,SP,casosNovos,5,203586
Sudeste,SP,casosNovos,6,195408
Sudeste,SP,casosNovos,7,182980
Sudeste,SP,casosNovos,8,163204
Sudeste,SP,casosNovos,9,93290
Sudeste,SP,casosNovos,10,132202
Sudeste,SP,casosNovos,11,106742
Sudeste,SP,casosNovos,12,102694
Sudeste,SP,casosNovos,13,85516
Sudeste,SP,casosNovos,14,71596
Sudeste,SP,casosNovos,15,60980
Sudeste,SP,casosNovos,16,50794
Sudeste,SP,casosNovos,17,52978
Sudeste,SP,casosNovos,18,65974
Sudeste,SP,casosNovos,19,50546
Sudeste,SP,casosNovos,20,24048
Sudeste,SP,casosNovos,21,80278
Sudeste,SP,casosNovos,22,55916
Sudeste,SP,casosNovos,23,127100
Sudeste,SP,casosNovos,24,80376
Sudeste,SP,casosNovos,25,101542
Sudeste,SP,casosNovos,26,112020
Sudeste,SP,casosNovos,27,111512
Sudeste,SP,casosNovos,28,94004
Sudeste,SP,casosNovos,29,40520
Sudeste,SP,casosNovos,52,722
Sudeste,SP,obitosNovos,1,314
Sudeste,SP,obitosNovos,2,674
Sudeste,SP,obitosNovos,3,1206
Sudeste,SP,obitosNovos,4,3014
Sudeste,SP,obitosNovos,5,3438
Sudeste,SP,obitosNovos,6,3810
Sudeste,SP,obitosNovos,7,3386
Sudeste,SP,obitosNovos,8,2764
Sudeste,SP,obitosNovos,9,1518
Sudeste,SP,obitosNovos,10,1622
Sudeste,SP,obitosNovos,11,1130
Sudeste,SP,obitosNovos,12,912
Sudeste,SP,obitosNovos,13,752
Sudeste,SP,obitosNovos,14,446
Sudeste,SP,obitosNovos,15,282
Sudeste,SP,obitosNovos,16,306
Sudeste,SP,obitosNovos,17,446
Sudeste,SP,obitosNovos,18,232
Sudeste,SP,obitosNovos,19,660
Sudeste,SP,obitosNovos,20,390
Sudeste,SP,obitosNovos,21,698
Sudeste,SP,obitosNovos,22,404
Sudeste,SP,obitosNovos,23,842
Sudeste,SP,obitosNovos,24,632
Sudeste,SP,obitosNovos,25,896
Sudeste,SP,obitosNovos,26,910
Sudeste,SP,obitosNovos,27,1014
Sudeste,SP,obitosNovos,28,970
Sudeste,SP,obitosNovos,29,460
Sudeste,SP,obitosNovos,52,16
Sul,PR,casosNovos,1,54850
Sul,PR,casosNovos,2,134972
Sul,PR,casosNovos,3,220302
Sul,PR,casosNovos,4,275936
Sul,PR,casosNovos,5,276400
Sul,PR,casosNovos,6,213022
Sul,PR,casosNovos,7,163430
Sul,PR,casosNovos,8,113218
Sul,PR,casosNovos,9,59678
Sul,PR,casosNovos,10,50090
Sul,PR,casosNovos,11,32052
Sul,PR,casosNovos,12,22388
Sul,PR,casosNovos,13,20758
Sul,PR,casosNovos,14,18006
Sul,PR,casosNovos,15,15460
Sul,PR,casosNovos,16,16716
Sul,PR,casosNovos,17,25650
Sul,PR,casosNovos,18,30180
Sul,PR,casosNovos,19,37266
Sul,PR,casosNovos,20,42386
Sul,PR,casosNovos,21,21536
Sul,PR,casosNovos,22,54212
Sul,PR,casosNovos,23,43124
Sul,PR,casosNovos,24,33224
Sul,PR,casosNovos,25,44682
Sul,PR,casosNovos,26,45052
Sul,PR,casosNovos,27,36402
Sul,PR,casosNovos,28,32910
Sul,PR,casosNovos,29,13660
Sul,PR,casosNovos,52,1308
Sul,PR,obitosNovos,1,46
Sul,PR,obitosNovos,2,38
Sul,PR,obitosNovos,3,102
Sul,PR,obitosNovos,4,406
Sul,PR,obitosNovos,5,476
Sul,PR,obitosNovos,6,640
Sul,PR,obitosNovos,7,594
Sul,PR,obitosNovos,8,482
Sul,PR,obitosNovos,9,386
Sul,PR,obitosNovos,10,362
Sul,PR,obitosNovos,11,290
Sul,PR,obitosNovos,12,188
Sul,PR,obitosNovos,13,78
Sul,PR,obitosNovos,14,90
Sul,PR,obitosNovos,15,114
Sul,PR,obitosNovos,16,80
Sul,PR,obitosNovos,17,52
Sul,PR,obitosNovos,18,78
Sul,PR,obitosNovos,19,102
Sul,PR,obitosNovos,20,112
Sul,PR,obitosNovos,21,140
Sul,PR,obitosNovos,22,164
Sul,PR,obitosNovos,23,148
Sul,PR,obitosNovos,24,104
Sul,PR,obitosNovos,25,252
Sul,PR,obitosNovos,26,334
Sul,PR,obitosNovos,27,424
Sul,PR,obitosNovos,28,372
Sul,PR,obitosNovos,29,168
Sul,PR,obitosNovos,52,0
Sul,RS,casosNovos,1,45824
Sul,RS,casosNovos,2,103716
Sul,RS,casosNovos,3,217422
Sul,RS,casosNovos,4,247200
Sul,RS,casosNovos,5,218694
Sul,RS,casosNovos,6,178284
Sul,RS,casosNovos,7,159218
Sul,RS,casosNovos,8,119328
Sul,RS,casosNovos,9,63216
Sul,RS,casosNovos,10,63670
Sul,RS,casosNovos,11,48378
Sul,RS,casosNovos,12,46710
Sul,RS,casosNovos,13,35388
Sul,RS,casosNovos,14,31942
Sul,RS,casosNovos,15,24496
Sul,RS,casosNovos,16,26056
Sul,RS,casosNovos,17,30022
Sul,RS,casosNovos,18,33198
Sul,RS,casosNovos,19,46462
Sul,RS,casosNovos,20,32390
Sul,RS,casosNovos,21,66396
Sul,RS,casosNovos,22,61676
Sul,RS,casosNovos,23,57258
Sul,RS,casosNovos,24,42538
Sul,RS,casosNovos,25,50110
Sul,RS,casosNovos,26,46296
Sul,RS,casosNovos,27,46878
Sul,RS,casosNovos,28,45482
Sul,RS,casosNovos,29,19872
Sul,RS,casosNovos,52,0
Sul,RS,obitosNovos,1,74
Sul,RS,obitosNovos,2,80
Sul,RS,obitosNovos,3,228
Sul,RS,obitosNovos,4,436
Sul,RS,obitosNovos,5,616
Sul,RS,obitosNovos,6,810
Sul,RS,obitosNovos,7,632
Sul,RS,obitosNovos,8,754
Sul,RS,obitosNovos,9,458
Sul,RS,obitosNovos,10,440
Sul,RS,obitosNovos,11,334
Sul,RS,obitosNovos,12,220
Sul,RS,obitosNovos,13,202
Sul,RS,obitosNovos,14,138
Sul,RS,obitosNovos,15,100
Sul,RS,obitosNovos,16,98
Sul,RS,obitosNovos,17,80
Sul,RS,obitosNovos,18,80
Sul,RS,obitosNovos,19,98
Sul,RS,obitosNovos,20,116
Sul,RS,obitosNovos,21,98
Sul,RS,obitosNovos,22,150
Sul,RS,obitosNovos,23,322
Sul,RS,obitosNovos,24,224
Sul,RS,obitosNovos,25,256
Sul,RS,obitosNovos,26,182
Sul,RS,obitosNovos,27,254
Sul,RS,obitosNovos,28,204
Sul,RS,obitosNovos,29,94
Sul,RS,obitosNovos,52,0
Sul,SC,casosNovos,1,34674
Sul,SC,casosNovos,2,75300
Sul,SC,casosNovos,3,125290
Sul,SC,casosNovos,4,148488
Sul,SC,casosNovos,5,122246
Sul,SC,casosNovos,6,95436
Sul,SC,casosNovos,7,77844
Sul,SC,casosNovos,8,59612
Sul,SC,casosNovos,9,36176
Sul,SC,casosNovos,10,31404
Sul,SC,casosNovos,11,26290
Sul,SC,casosNovos,12,21440
Sul,SC,casosNovos,13,15290
Sul,SC,casosNovos,14,12458
Sul,SC,casosNovos,15,13748
Sul,SC,casosNovos,16,11050
Sul,SC,casosNovos,17,12066
Sul,SC,casosNovos,18,12872
Sul,SC,casosNovos,19,16692
Sul,SC,casosNovos,20,12614
Sul,SC,casosNovos,21,26020
Sul,SC,casosNovos,22,25750
Sul,SC,casosNovos,23,24166
Sul,SC,casosNovos,24,19174
Sul,SC,casosNovos,25,25936
Sul,SC,casosNovos,26,25198
Sul,SC,casosNovos,27,23470
Sul,SC,casosNovos,28,24424
Sul,SC,casosNovos,29,8920
Sul,SC,casosNovos,52,670
Sul,SC,obitosNovos,1,72
Sul,SC,obitosNovos,2,88
Sul,SC,obitosNovos,3,186
Sul,SC,obitosNovos,4,362
Sul,SC,obitosNovos,5,444
Sul,SC,obitosNovos,6,414
Sul,SC,obitosNovos,7,416
Sul,SC,obitosNovos,8,336
Sul,SC,obitosNovos,9,208
Sul,SC,obitosNovos,10,206
Sul,SC,obitosNovos,11,124
Sul,SC,obitosNovos,12,64
Sul,SC,obitosNovos,13,42
Sul,SC,obitosNovos,14,66
Sul,SC,obitosNovos,15,40
Sul,SC,obitosNovos,16,38
Sul,SC,obitosNovos,17,70
Sul,SC,obitosNovos,18,14
Sul,SC,obitosNovos,19,46
Sul,SC,obitosNovos,20,18
Sul,SC,obitosNovos,21,56
Sul,SC,obitosNovos,22,50
Sul,SC,obitosNovos,23,76
Sul,SC,obitosNovos,24,52
Sul,SC,obitosNovos,25,96
Sul,SC,obitosNovos,26,132
Sul,SC,obitosNovos,27,90
Sul,SC,obitosNovos,28,106
Sul,SC,obitosNovos,29,56
Sul,SC,obitosNovos,52,4
